<?xml version="1.0" encoding="UTF-8"?>
<manifest identifier="CodeQualityChallenge01" version="1"
          xmlns="http://www.imsproject.org/xsd/imscp_rootv1p1p2"
          xmlns:adlcp="http://www.adlnet.org/xsd/adlcp_rootv1p2"
          xmlns:xsi="http://www.w3.org/2001/XMLSchema-instance"
          xsi:schemaLocation="http://www.imsproject.org/xsd/imscp_rootv1p1p2 imscp_rootv1p1p2.xsd
                              http://www.imsglobal.org/xsd/imsmd_rootv1p2p1 imsmd_rootv1p2p1.xsd
                              http://www.adlnet.org/xsd/adlcp_rootv1p2 adlcp_rootv1p2.xsd">

  <metadata>
    <schema>ADL SCORM</schema>
    <schemaversion>1.2</schemaversion>
  </metadata>

  <organizations default="B0">
    <organization identifier="B0">
      <title>Code Quality Challenge</title>
      <item identifier="i1" identifierref="resource_1">
        <title>Challenge Dashboard</title>
        </item>
    </organization>
  </organizations>

  <resources>
    <resource identifier="resource_1" type="webcontent" adlcp:scormtype="sco" href="index.html">
      <file href="index.html"/>
      <file href="js/app.js"/>
      <file href="js/scorm-wrapper.js"/>
      <file href="css/style.css"/>
    </resource>
  </resources>
</manifest>